<?xml version="1.0" encoding="UTF-8"?>
<beans  
    xmlns="http://www.springframework.org/schema/beans"  
    xmlns:xsi="http://www.w3.org/2001/XMLSchema-instance" 
    xmlns:util="http://www.springframework.org/schema/util" xsi:schemaLocation="
    http://www.springframework.org/schema/beans http://www.springframework.org/schema/beans/spring.beans.xsd
    http://www.springframework.org/schema/util http://www.springframework.org/schema/util/spring-util.xsd">
    

<bean id="questions" class="com.java.collection.Questions">

  <property name="questionid" value="2"></property>
  <property name="Question" value="Write any 3 points about Anything?"></property>
  <property name="answers" ref="collection3"></property>


<util:list id="collection1" value-type="java.lang.String">
   <value>Happy Ramzan</value>
   <value>Happy Diwali</value>
   <value>Happy Christmas</value>
</util:list>

     <util:map id="collection2" map-class="java.util.Hashmap" key-type="java.lang.Integer" value-type="java.lang.String">
     
     <entry key="1" value="Tom is Tall"></entry>
     <entry key="2" value="Jerry is Short"></entry>
     </util:map>
     
     
     <util:set id="collection3" value-type="java.lang.String">
      <value>Avengers Assemble!!</value>
      <value>Hulk Smash it!!</value>
     </util:set>
     
     </bean>
     </beans>